{"PPG": {"bigfish": [10.48, 11.25, 12.23, 13.2, 11.22, 10.77, 10.08, 11.71, 10.79, 11.13], "bossfight": [9.98, 10.72, 11.34, 8.98, 10.43, 10.15, 10.0, 10.9, 9.13, 10.16], "caveflyer": [6.78, 7.63, 7.66, 6.49, 7.93, 7.41, 7.1, 8.46, 5.83, 6.75], "chaser": [9.82, 9.58, 10.61, 7.43, 9.61, 9.59, 9.57, 9.43, 10.18, 9.26], "climber": [7.6, 7.16, 8.23, 6.56, 6.88, 7.51, 7.96, 7.25, 8.12, 6.1], "coinrun": [8.75, 8.95, 8.22, 10.38, 9.19, 9.2, 8.69, 9.13, 7.21, 7.98], "dodgeball": [2.11, 2.26, 3.21, 2.2, 2.13, 2.67, 2.01, 3.32, 1.7, 1.56], "fruitbot": [28.18, 28.03, 28.14, 29.72, 28.08, 27.94, 28.02, 28.03, 28.81, 27.73], "heist": [2.99, 3.28, 3.4, 3.32, 3.35, 2.7, 2.26, 3.68, 3.5, 3.86], "jumper": [5.91, 5.96, 4.23, 5.77, 5.82, 5.66, 6.69, 5.97, 5.31, 4.78], "leaper": [8.94, 9.07, 8.98, 9.61, 8.59, 8.62, 8.67, 9.43, 8.04, 7.65], "maze": [5.0, 5.31, 6.43, 5.62, 5.21, 4.41, 5.42, 5.19, 7.11, 5.31], "miner": [7.4, 7.71, 6.11, 7.84, 7.56, 7.04, 7.03, 7.17, 8.32, 7.58], "ninja": [6.69, 6.89, 6.76, 4.81, 6.71, 6.78, 7.02, 7.28, 7.04, 6.54], "plunder": [14.14, 16.49, 14.07, 17.38, 16.5, 14.02, 13.89, 16.07, 12.33, 14.99], "starpilot": [46.72, 49.14, 46.94, 51.06, 49.11, 46.17, 47.33, 48.87, 47.07, 48.12]}, "MixReg": {"bigfish": [6.59, 6.41, 7.97, 6.72, 10.52, 5.65, 7.42, 7.18, 3.96, 6.93], "bossfight": [8.72, 8.5, 8.37, 8.94, 6.7, 7.52, 8.17, 8.17, 8.63, 6.98], "caveflyer": [6.55, 6.2, 7.0, 5.46, 5.8, 5.05, 5.46, 6.5, 6.79, 5.51], "chaser": [6.622798586599999, 4.7319989302, 6.350798741800002, 6.082398712100001, 4.8771988343, 6.116798749599999, 5.954798740000001, 3.6671989289999996, 7.6591985425999995, 4.926398783400001], "climber": [5.78, 7.68, 5.8, 7.44, 5.79, 6.14, 7.1, 6.37, 7.25, 7.05], "coinrun": [8.5, 8.7, 8.7, 8.1, 8.4, 9.0, 9.0, 8.7, 8.6, 8.7], "dodgeball": [1.42, 2.12, 1.7, 1.9, 1.36, 2.54, 1.66, 2.48, 1.18, 1.86], "fruitbot": [28.27, 27.42, 29.34, 27.76, 28.4, 28.05, 27.09, 26.6, 26.61, 27.71], "heist": [3.4, 2.7, 2.9, 3.1, 1.7, 2.5, 2.5, 3.0, 2.8, 2.9], "jumper": [5.9, 6.2, 6.0, 5.7, 6.3, 6.4, 6.2, 6.3, 5.7, 6.5], "leaper": [6.2, 7.1, 4.1, 4.3, 5.9, 4.0, 6.8, 4.4, 4.6, 4.2], "maze": [5.8, 5.2, 6.0, 5.8, 5.3, 6.1, 5.2, 4.9, 4.6, 5.0], "miner": [9.64, 8.67, 10.15, 9.74, 9.73, 9.32, 9.94, 9.48, 9.58, 9.17], "ninja": [7.7, 7.1, 7.4, 6.1, 6.8, 7.2, 7.5, 6.1, 6.5, 6.8], "plunder": [5.51, 6.23, 5.01, 6.23, 4.72, 5.52, 5.35, 6.04, 6.19, 6.04], "starpilot": [30.19, 32.72, 36.11, 31.38, 31.29, 32.63, 32.54, 32.85, 33.88, 33.16]}, "PPO": {"bigfish": [4.92, 4.92, 2.12, 4.13, 2.46, 1.95, 2.19, 4.15, 4.95, 4.84], "bossfight": [7.09, 6.95, 7.98, 7.42, 7.56, 7.96, 7.46, 7.55, 6.88, 7.16], "caveflyer": [5.25, 5.07, 4.53, 4.84, 5.57, 4.5, 5.39, 4.88, 5.05, 5.17], "chaser": [3.03, 3.14, 3.58, 5.14, 2.74, 3.72, 2.89, 5.04, 3.23, 3.08], "climber": [5.11, 5.88, 5.29, 6.39, 5.48, 5.39, 5.58, 6.23, 5.94, 5.06], "coinrun": [8.55, 8.71, 8.46, 8.34, 8.91, 8.36, 8.98, 8.32, 8.79, 8.63], "dodgeball": [1.78, 1.51, 1.65, 1.45, 1.49, 1.78, 1.52, 1.44, 1.41, 1.73], "fruitbot": [26.1, 24.74, 25.22, 27.58, 27.21, 25.14, 27.02, 27.59, 24.62, 26.13], "heist": [2.52, 2.88, 2.07, 3.4, 1.63, 2.05, 1.75, 3.2, 2.73, 2.47], "jumper": [5.59, 5.76, 5.88, 6.09, 6.27, 5.94, 6.21, 6.0, 5.86, 5.59], "leaper": [2.27, 6.57, 2.41, 6.84, 6.48, 2.44, 6.41, 6.79, 6.51, 2.29], "maze": [5.77, 5.7, 4.99, 5.65, 5.47, 5.04, 5.53, 5.73, 5.71, 5.5], "miner": [7.75, 8.46, 7.82, 9.37, 9.37, 7.85, 9.57, 9.41, 8.41, 7.91], "ninja": [6.02, 5.78, 5.68, 6.2, 5.69, 5.63, 5.73, 6.28, 5.73, 6.2], "plunder": [5.64, 5.66, 4.68, 4.32, 5.77, 4.65, 5.71, 4.15, 5.8, 5.61], "starpilot": [23.96, 26.17, 24.33, 25.95, 24.08, 24.54, 23.97, 25.91, 26.16, 23.93]}, "IDAAC": {"bigfish": [23.27, 21.69, 19.67, 20.63, 20.09, 20.89, 20.21, 23.13, 19.72, 21.6], "bossfight": [9.77, 9.77, 10.15, 9.79, 10.03, 9.84, 10.32, 9.79, 10.24, 9.8], "caveflyer": [4.21, 4.21, 6.55, 5.64, 5.33, 5.59, 5.64, 4.27, 6.53, 4.2], "chaser": [7.76, 6.85, 7.2, 7.0, 6.4, 6.91, 6.42, 7.58, 7.3, 6.87], "climber": [8.8, 8.3, 8.14, 8.8, 8.14, 8.66, 8.28, 8.82, 8.04, 8.19], "coinrun": [9.52, 9.19, 9.42, 9.39, 9.44, 9.29, 9.58, 9.58, 9.26, 9.25], "dodgeball": [3.69, 3.28, 3.12, 3.41, 2.96, 3.28, 2.91, 3.72, 3.01, 3.42], "fruitbot": [29.24, 29.2, 29.26, 28.75, 28.92, 28.94, 28.87, 29.18, 29.25, 29.23], "heist": [3.93, 3.5, 3.37, 3.93, 3.5, 3.94, 3.36, 4.06, 3.49, 3.55], "jumper": [6.72, 6.07, 6.83, 6.72, 6.72, 6.44, 6.79, 6.73, 6.96, 6.06], "leaper": [7.98, 7.98, 7.98, 8.03, 7.98, 8.01, 7.96, 8.05, 8.01, 7.93], "maze": [5.63, 5.63, 5.88, 5.88, 5.5, 5.92, 5.41, 5.75, 5.83, 5.7], "miner": [10.07, 9.52, 9.37, 9.99, 10.07, 10.04, 9.98, 9.97, 9.36, 9.48], "ninja": [7.19, 7.19, 6.66, 6.66, 7.19, 6.62, 7.08, 7.17, 6.57, 7.03], "plunder": [24.68, 24.29, 24.2, 22.23, 24.68, 22.35, 24.5, 24.62, 24.26, 24.13], "starpilot": [39.7, 38.63, 36.41, 38.01, 34.95, 37.96, 34.97, 39.68, 36.36, 38.65]}, "PLR": {"bigfish": [10.08, 11.66, 8.83, 9.12, 12.75, 10.07, 7.63, 17.13, 13.78, 8.04], "bossfight": [8.95, 8.63, 9.47, 9.18, 8.87, 8.46, 9.3, 9.13, 8.33, 9.1], "caveflyer": [7.01, 5.53, 6.79, 6.33, 6.52, 6.25, 6.21, 6.91, 5.85, 5.81], "chaser": [7.149998570800001, 3.8715989873999996, 7.714398505600001, 6.8823986112, 8.638798366100001, 6.511598591400001, 6.349998644900001, 6.595598611000001, 7.5459984692000015, 7.7139984959], "climber": [5.96, 7.25, 6.72, 6.23, 6.69, 5.33, 6.04, 8.12, 5.64, 5.32], "coinrun": [8.2, 7.9, 8.6, 8.9, 9.3, 8.3, 9.3, 8.8, 9.3, 9.0], "dodgeball": [1.7, 2.22, 2.6, 1.68, 1.2, 1.72, 1.22, 2.16, 1.22, 2.08], "fruitbot": [28.98, 24.83, 29.64, 28.2, 27.16, 28.58, 27.13, 29.6, 27.84, 28.28], "heist": [2.8, 3.2, 2.7, 1.8, 3.0, 3.3, 2.7, 2.9, 3.2, 3.7], "jumper": [5.6, 5.7, 5.9, 5.3, 6.7, 6.3, 5.6, 6.5, 5.4, 5.3], "leaper": [6.9, 9.4, 6.6, 7.2, 7.1, 4.5, 6.7, 6.8, 7.2, 5.9], "maze": [5.5, 5.4, 6.1, 4.0, 6.7, 6.3, 6.0, 4.4, 5.0, 5.5], "miner": [9.65, 9.78, 9.8, 9.48, 9.55, 8.6, 10.66, 9.05, 10.34, 8.72], "ninja": [7.0, 6.8, 7.7, 7.6, 7.0, 7.3, 6.6, 7.1, 7.6, 7.7], "plunder": [6.77, 12.97, 7.29, 6.69, 7.69, 11.57, 9.71, 5.84, 9.65, 8.58], "starpilot": [26.28, 32.37, 18.73, 33.54, 26.19, 30.42, 33.04, 26.3, 24.36, 27.74]}, "UCB-DrAC": {"bigfish": [9.55, 7.29, 11.41, 10.98, 6.81, 6.82, 10.91, 11.34, 7.18, 9.52], "bossfight": [8.59, 8.07, 7.44, 7.03, 7.95, 7.87, 6.92, 7.44, 8.09, 8.48], "caveflyer": [5.73, 6.1, 4.05, 4.26, 4.78, 4.8, 4.22, 4.12, 6.14, 5.66], "chaser": [5.66, 6.46, 6.71, 5.45, 6.99, 7.06, 5.41, 6.84, 6.38, 5.69], "climber": [6.87, 5.82, 5.35, 6.78, 6.55, 6.49, 7.02, 5.44, 5.71, 7.0], "coinrun": [8.25, 8.85, 8.48, 8.61, 8.56, 8.57, 8.75, 8.43, 8.75, 8.28], "dodgeball": [3.15, 4.54, 5.54, 3.5, 4.03, 3.91, 3.42, 5.58, 4.47, 3.15], "fruitbot": [27.1, 27.54, 27.47, 28.2, 27.69, 27.74, 28.13, 27.5, 27.51, 27.15], "heist": [3.58, 3.25, 3.25, 3.58, 3.25, 3.3, 3.68, 3.45, 3.35, 3.44], "jumper": [6.63, 6.37, 6.06, 6.2, 5.92, 5.85, 6.44, 6.1, 6.43, 6.63], "leaper": [5.15, 4.61, 6.25, 4.08, 4.02, 4.08, 4.17, 6.15, 4.59, 5.24], "maze": [6.42, 6.03, 6.39, 6.29, 6.29, 6.27, 6.28, 6.42, 5.93, 6.42], "miner": [9.8, 9.36, 8.92, 8.5, 8.5, 8.59, 8.42, 8.77, 9.26, 9.68], "ninja": [6.43, 6.92, 6.9, 5.89, 6.71, 6.72, 5.9, 6.98, 6.79, 6.41], "plunder": [7.76, 10.06, 8.82, 7.71, 7.16, 7.15, 7.82, 8.68, 10.21, 7.79], "starpilot": [30.75, 29.81, 27.81, 31.28, 30.42, 30.58, 31.29, 27.9, 29.92, 30.96]}}