{"100k": {"cartpole_swingup": [752.6976753973152, 723.9217035662426, 431.6491657660567, 372.7956874361295, 867.5292398141758, 290.75358711531925, 772.7004287173572, 831.4940512735045, 834.6740302779104, 451.0439344652842], "cheetah_run": [407.56910155675973, 376.77939867912676, 384.2602105508833, 402.0982820108585, 463.36514026215883, 447.89717189876256, 429.6755149882729, 442.5419668749488, 378.6378035108818, 457.80350530551647], "ball_in_cup_catch": [363.3, 90.4, 780.0, 803.8999999999999, 98.7, 673.5, 0.0, 403.0, 734.0, 933.6], "reacher_easy": [577.1, 491.9, 196.4, 289.8, 351.3, 309.6, 392.5, 492.6, 461.7, 290.1], "walker_walk": [92.73306768526851, 582.8935683074021, 612.611115094573, 602.0488544894944, 178.12625935683815, 89.33166172770073, 351.7769845589819, 431.08344978016714, 602.1175212016077, 369.3983751920604], "finger_spin": [784.1, 871.2, 860.6, 808.8999999999999, 603.3, 678.0, 635.8, 587.1, 606.8, 862.7999999999998]}, "500k": {"cartpole_swingup": [809.9520586065214, 820.8081031343379, 846.4924178694705, 813.4263227705123, 869.475260309087, 819.9238079991611, 872.1262352187872, 877.8049883079653, 862.3173869316018, 833.2004375718154], "cheetah_run": [405.30418287794765, 564.6870063834217, 481.80211550695196, 551.4603841040782, 636.2097315589988, 544.1933137253011, 570.2092642480904, 572.5677065653415, 556.3071739846621, 600.2098302546206], "ball_in_cup_catch": [958.7, 965.7, 953.5, 958.6, 965.7, 972.0, 950.8, 964.7, 972.6, 969.3], "reacher_easy": [867.1, 778.8999999999999, 974.8, 685.2, 871.8999999999999, 676.0, 785.7999999999998, 873.5, 579.3, 876.1], "walker_walk": [782.5919022898673, 785.0086907334022, 872.729160165413, 870.4913930880657, 791.005906500693, 606.6138993272824, 688.3371529920029, 695.4980076395137, 842.4847199604083, 784.4745246105533], "finger_spin": [983.4, 979.3, 977.5, 967.6, 656.9, 904.9, 953.8, 628.3, 982.6, 986.6]}}